date,dish_A_sales,dish_B_sales,dish_C_sales,promotions,special_event,temperature,total_demand,month
2023-01-01,47,54,34,0,0,28.23720624430011,135,1
2023-01-02,55,60,36,0,0,22.110595943040153,151,1
2023-01-03,42,70,49,0,0,31.177170780671307,161,1
2023-01-04,52,49,47,0,0,20.89402739771056,148,1
2023-01-05,58,75,37,0,0,26.424258355030343,170,1
2023-01-06,43,55,29,0,0,29.907954782830792,127,1
2023-01-07,46,66,28,1,0,22.57911819625015,140,1
2023-01-08,49,66,34,0,0,21.0553521523485,149,1
2023-01-09,52,74,35,0,0,24.186920203456452,161,1
2023-01-10,45,61,33,1,0,31.35926988698307,139,1
2023-01-11,49,74,58,0,1,33.5984352629133,181,1
2023-01-12,43,64,36,0,0,25.901668257197805,143,1
2023-01-13,52,65,37,0,0,28.229324106473037,154,1
2023-01-14,52,73,35,1,0,33.06547244477828,160,1
2023-01-15,46,62,35,0,0,16.97093702825885,143,1
2023-01-16,54,73,43,0,0,19.641571557323303,170,1
2023-01-17,40,74,34,0,0,29.178000125031648,148,1
2023-01-18,45,78,32,1,1,31.474889238245993,155,1
2023-01-19,46,72,48,0,0,32.14058056661156,166,1
2023-01-20,51,78,29,0,0,23.30214353709865,158,1
2023-01-21,64,59,36,1,0,16.786798045837337,159,1
2023-01-22,52,85,46,0,0,23.7556295459924,183,1
2023-01-23,38,67,41,0,0,19.614691804141074,146,1
2023-01-24,33,68,32,0,0,20.823929099932485,133,1
2023-01-25,48,87,35,0,0,30.445351136750116,170,1
2023-01-26,58,59,29,1,0,16.510541720517736,146,1
2023-01-27,45,82,36,0,0,31.55162434961404,163,1
2023-01-28,41,64,27,1,0,23.55338171648338,132,1
2023-01-29,56,80,39,0,0,26.9212786220119,175,1
2023-01-30,54,84,41,0,0,16.79304462471358,179,1
2023-01-31,56,77,36,1,0,21.747181567145592,169,1
2023-02-01,47,80,49,0,0,16.794018380296915,176,2
2023-02-02,59,77,34,0,0,34.23087445762219,170,2
2023-02-03,46,61,45,0,0,31.14523298652501,152,2
2023-02-04,46,49,40,1,0,24.192655087129204,135,2
2023-02-05,55,59,37,0,0,19.47205096647342,151,2
2023-02-06,60,79,38,0,0,33.669102104997044,177,2
2023-02-07,40,70,39,0,0,21.891931914539434,149,2
2023-02-08,56,76,31,0,0,18.219688633747495,163,2
2023-02-09,56,72,54,0,0,26.2632877690791,182,2
2023-02-10,50,65,41,0,1,33.875482406896325,156,2
2023-02-11,46,75,40,0,0,15.076605810006452,161,2
2023-02-12,61,73,35,0,0,19.762496865079974,169,2
2023-02-13,48,60,38,0,0,33.768952808208155,146,2
2023-02-14,44,57,32,1,0,18.42171933714324,133,2
2023-02-15,45,78,33,0,0,17.264869032796398,156,2
2023-02-16,63,71,34,1,0,26.40374431599609,168,2
2023-02-17,53,73,47,0,1,32.2368764658966,173,2
2023-02-18,57,66,51,0,0,24.542196353878523,174,2
2023-02-19,60,71,41,1,0,34.891285133690495,172,2
2023-02-20,46,77,38,0,0,28.583433990759858,161,2
2023-02-21,44,76,37,0,0,16.481498144208956,157,2
2023-02-22,48,91,41,1,0,34.85664263363951,180,2
2023-02-23,40,66,46,0,0,23.15788473560381,152,2
2023-02-24,65,65,43,0,0,20.74805067690965,173,2
2023-02-25,50,69,35,0,0,26.15758367155771,154,2
2023-02-26,69,82,46,0,0,21.086151836417287,197,2
2023-02-27,50,67,45,0,0,16.729150142403046,162,2
2023-02-28,45,75,39,0,0,15.028566861583535,159,2
2023-03-01,52,73,30,0,0,23.99166705840525,155,3
2023-03-02,34,78,51,0,0,31.737268444531846,163,3
2023-03-03,61,72,36,0,0,26.44630371260153,169,3
2023-03-04,41,73,35,0,0,34.98414597886882,149,3
2023-03-05,54,72,39,0,0,20.736932912944,165,3
2023-03-06,44,71,45,0,0,20.609101295201107,160,3
2023-03-07,47,74,40,0,0,18.194989204678883,161,3
2023-03-08,53,64,45,0,0,18.281271765306705,162,3
2023-03-09,39,70,47,0,0,20.70373192020096,156,3
2023-03-10,46,53,37,0,0,30.856800905470543,136,3
2023-03-11,54,78,42,1,0,33.11513581272896,174,3
2023-03-12,50,78,40,0,0,34.50174339415362,168,3
2023-03-13,53,68,26,0,0,19.645793081929053,147,3
2023-03-14,54,66,41,0,0,32.62595091228184,161,3
2023-03-15,64,56,47,0,0,21.56510178554674,167,3
2023-03-16,47,72,35,1,0,17.25681089033769,154,3
2023-03-17,45,73,44,1,0,32.40049851040331,162,3
2023-03-18,57,73,42,0,0,27.722112692872372,172,3
2023-03-19,51,58,33,0,0,18.294617921621235,142,3
2023-03-20,39,80,46,1,0,23.596625150260053,165,3
2023-03-21,61,72,45,1,0,20.745153897541353,178,3
2023-03-22,47,61,45,0,0,29.735891374203938,153,3
2023-03-23,60,66,43,0,0,24.068324612485362,169,3
2023-03-24,53,64,52,0,0,34.7855989021277,169,3
2023-03-25,52,65,28,1,0,16.0948996451919,145,3
2023-03-26,39,64,47,0,0,22.100305322724935,150,3
2023-03-27,51,81,45,0,0,24.638003342199546,177,3
2023-03-28,53,61,37,0,1,25.062671094966397,151,3
2023-03-29,55,69,56,0,0,21.318716447712735,180,3
2023-03-30,46,59,52,0,0,29.58480498195136,157,3
2023-03-31,53,76,42,1,0,32.49494146977949,171,3
2023-04-01,53,68,36,0,0,33.77438603955726,157,4
2023-04-02,39,77,45,0,0,31.101867535990525,161,4
2023-04-03,45,73,44,0,0,32.011603946131984,162,4
2023-04-04,60,76,37,0,0,26.01090601239991,173,4
2023-04-05,57,90,39,0,0,31.51776452853629,186,4
2023-04-06,52,53,37,0,0,21.070078182959044,142,4
2023-04-07,43,64,52,0,0,22.969575242184288,159,4
2023-04-08,45,83,38,0,0,21.338260276370885,166,4
2023-04-09,53,64,27,0,0,24.34774670895851,144,4
2023-04-10,62,69,33,0,0,20.711592324772727,164,4
2023-04-11,48,54,39,1,0,34.23222884508894,141,4
2023-04-12,45,46,35,1,0,21.256892560113364,126,4
2023-04-13,58,83,43,0,0,16.960890762218796,184,4
2023-04-14,42,71,45,0,0,25.536343321008268,158,4
2023-04-15,64,66,50,1,0,16.141981568903528,180,4
2023-04-16,51,86,45,0,0,17.210863326171612,182,4
2023-04-17,41,68,43,1,0,19.387787783924928,152,4
2023-04-18,60,64,38,1,0,24.287004997642832,162,4
2023-04-19,54,62,49,0,0,23.665018646180556,165,4
2023-04-20,47,69,36,0,0,30.993837240055825,152,4
2023-04-21,57,73,35,1,0,29.789493077682266,165,4
2023-04-22,50,58,33,0,0,23.526365879814026,141,4
2023-04-23,57,63,39,0,0,21.6740841515126,159,4
2023-04-24,54,80,31,0,0,21.329375681229973,165,4
2023-04-25,60,70,41,0,0,30.47990174588018,171,4
2023-04-26,47,80,40,0,0,16.041448124425393,167,4
2023-04-27,52,54,42,0,1,15.256432990212117,148,4
2023-04-28,49,71,33,1,0,30.91088783853296,153,4
2023-04-29,45,69,41,0,0,24.542927519780985,155,4
2023-04-30,29,80,37,0,0,17.61762277107152,146,4
2023-05-01,57,69,47,0,0,19.711318691890025,173,5
2023-05-02,41,74,43,0,0,33.65007906194765,158,5
2023-05-03,56,53,38,0,0,32.19005951249796,147,5
2023-05-04,53,78,46,1,0,29.195701004479453,177,5
2023-05-05,34,62,41,1,0,24.64450460674653,137,5
2023-05-06,51,61,34,0,0,25.406472523827716,146,5
2023-05-07,50,77,42,0,0,34.50489070567917,169,5
2023-05-08,57,62,41,0,0,34.31540887768574,160,5
2023-05-09,49,81,33,0,0,19.305380915716686,163,5
2023-05-10,58,63,36,0,0,31.222091326106362,157,5
2023-05-11,48,69,39,0,0,18.944853323340336,156,5
2023-05-12,42,71,26,1,0,19.27074955767903,139,5
2023-05-13,51,58,44,0,0,28.521860683291536,153,5
2023-05-14,53,79,34,0,0,23.10002197175097,166,5
2023-05-15,51,62,35,0,0,33.6308881421304,148,5
2023-05-16,48,65,37,0,0,16.780194697920177,150,5
2023-05-17,47,72,47,0,0,25.23051281618986,166,5
2023-05-18,33,78,37,0,0,33.37043060886242,148,5
2023-05-19,59,84,46,0,0,33.0822732095901,189,5
2023-05-20,49,60,34,0,0,18.130584268314824,143,5
2023-05-21,50,78,39,0,0,22.33275400192913,167,5
2023-05-22,42,59,47,0,0,27.382428000933924,148,5
2023-05-23,48,74,38,0,0,18.187897695428042,160,5
2023-05-24,53,68,47,0,0,34.36044344091478,168,5
2023-05-25,47,56,39,1,0,33.29498657455321,142,5
2023-05-26,50,78,52,0,1,18.339003580689383,180,5
2023-05-27,53,73,52,0,0,17.423109225219708,178,5
2023-05-28,37,82,41,0,0,16.708169656165307,160,5
2023-05-29,64,60,39,0,0,33.18887328073262,163,5
2023-05-30,48,71,33,0,0,18.872476195909215,152,5
2023-05-31,49,55,44,0,0,23.325698570887095,148,5
2023-06-01,64,79,38,0,0,23.97702731304006,181,6
2023-06-02,43,75,43,0,1,26.98022088427135,161,6
2023-06-03,39,69,37,1,0,16.4347068749485,145,6
2023-06-04,39,69,38,0,0,19.53517234801032,146,6
2023-06-05,37,70,46,1,0,33.62980773837852,153,6
2023-06-06,58,66,38,0,0,33.16820214537139,162,6
2023-06-07,57,75,31,0,0,30.625812948113843,163,6
2023-06-08,40,57,38,1,1,15.388024912364308,135,6
2023-06-09,53,60,43,0,0,21.54013536992204,156,6
2023-06-10,55,69,38,0,0,27.55917470685816,162,6
2023-06-11,45,74,33,0,0,20.503804235469513,152,6
2023-06-12,55,66,33,0,0,33.19173390107555,154,6
2023-06-13,47,73,41,0,0,27.677789236648838,161,6
2023-06-14,47,74,40,0,0,16.438134346328912,161,6
2023-06-15,59,75,56,1,0,33.18011177671406,190,6
2023-06-16,55,61,51,0,0,34.155333163524446,167,6
2023-06-17,50,63,42,1,0,16.55424836783451,155,6
2023-06-18,46,64,45,1,0,25.6472046972263,155,6
2023-06-19,48,75,43,0,0,21.06728564428341,166,6
2023-06-20,61,65,44,0,0,22.856781529628048,170,6
2023-06-21,66,81,32,1,0,18.59302435910684,179,6
2023-06-22,53,78,41,1,0,26.561442040248252,172,6
2023-06-23,45,64,39,0,0,34.15958706497781,148,6
2023-06-24,54,74,50,0,0,25.06145200543218,178,6
2023-06-25,39,58,47,0,0,16.658291627889625,144,6
2023-06-26,35,69,40,0,0,27.40002666954817,144,6
2023-06-27,49,71,41,0,0,21.80445988902514,161,6
2023-06-28,47,68,24,0,0,32.11850379182596,139,6
2023-06-29,41,64,58,0,0,23.693562966329402,163,6
2023-06-30,52,65,44,0,0,18.856792178844913,161,6
2023-07-01,38,77,43,0,0,18.8221124538229,158,7
2023-07-02,54,76,54,0,0,30.375283614423207,184,7
2023-07-03,47,79,46,0,0,20.3117519661472,172,7
2023-07-04,47,81,42,0,0,30.34466788318446,170,7
2023-07-05,56,75,44,0,0,19.117746215331987,175,7
2023-07-06,48,57,53,0,0,21.433727374026187,158,7
2023-07-07,40,65,42,0,0,24.309739448793987,147,7
2023-07-08,35,65,36,1,0,33.86391699386901,136,7
2023-07-09,40,76,38,0,0,33.63462849507649,154,7
2023-07-10,55,83,33,0,0,19.137437508445757,171,7
2023-07-11,69,74,29,0,0,22.164380824861457,172,7
2023-07-12,45,82,30,1,0,17.987987769075445,157,7
2023-07-13,37,55,43,0,0,25.199701586269942,135,7
2023-07-14,53,78,33,0,0,24.21165101389333,164,7
2023-07-15,49,80,62,0,0,33.01520324901465,191,7
2023-07-16,52,54,35,0,0,33.60010755582145,141,7
2023-07-17,33,72,51,0,0,22.67134782014584,156,7
2023-07-18,49,57,26,0,0,24.83475886037979,132,7
2023-07-19,45,74,41,0,0,32.92472498292266,160,7
2023-07-20,49,81,36,0,0,31.13415615490123,166,7
2023-07-21,52,70,42,0,0,15.073126226892985,164,7
2023-07-22,54,65,36,0,1,21.40119128367165,155,7
2023-07-23,46,77,38,1,0,23.435484838722516,161,7
2023-07-24,54,82,26,0,0,19.594325673664635,162,7
2023-07-25,61,73,34,1,0,18.991432317918775,168,7
2023-07-26,52,72,30,0,0,15.755690131913592,154,7
2023-07-27,63,63,37,0,0,27.86739450139521,163,7
2023-07-28,33,57,29,0,0,20.250205809663314,119,7
2023-07-29,47,70,45,1,0,16.04694356862626,162,7
2023-07-30,52,89,40,0,0,19.619586210561273,181,7
2023-07-31,58,76,37,0,0,31.03827905672253,171,7
2023-08-01,48,73,40,0,0,32.02978363293093,161,8
2023-08-02,58,64,41,0,0,24.661324903866053,163,8
2023-08-03,49,69,45,0,0,23.321413408173726,163,8
2023-08-04,67,59,32,0,0,34.55707387003564,158,8
2023-08-05,44,69,37,0,0,19.011293191761396,150,8
2023-08-06,52,73,43,0,0,19.30718565709217,168,8
2023-08-07,40,62,44,0,1,20.837343540727993,146,8
2023-08-08,50,62,43,0,0,18.455146365621747,155,8
2023-08-09,50,58,36,0,0,22.58731196408373,144,8
2023-08-10,51,78,38,0,0,33.216684539795075,167,8
2023-08-11,60,70,43,0,0,27.306956812571485,173,8
2023-08-12,41,86,43,0,0,23.23893097224527,170,8
2023-08-13,56,56,38,1,0,33.68821589142429,150,8
2023-08-14,54,58,45,1,0,15.969284649516446,157,8
2023-08-15,41,70,43,1,0,19.20552355803723,154,8
2023-08-16,47,70,43,0,0,26.31777210203518,160,8
2023-08-17,48,64,48,0,0,27.311052463863582,160,8
2023-08-18,61,68,39,0,0,15.791150131252262,168,8
2023-08-19,50,83,38,0,0,23.060775158142643,171,8
2023-08-20,48,73,37,0,0,27.983079296617454,158,8
2023-08-21,50,79,48,0,0,28.961410928068034,177,8
2023-08-22,50,73,52,1,0,27.762798050325387,175,8
2023-08-23,53,64,47,1,0,21.41126448721849,164,8
2023-08-24,37,72,46,0,0,16.87040247195819,155,8
2023-08-25,41,58,47,0,0,23.542248928386684,146,8
2023-08-26,41,69,36,0,0,17.57508874736111,146,8
2023-08-27,43,58,45,0,0,33.95247317041334,146,8
2023-08-28,61,76,48,0,0,24.503417320452563,185,8
2023-08-29,53,56,43,0,0,21.34518348713735,152,8
2023-08-30,43,87,37,0,0,30.326081422378003,167,8
2023-08-31,42,74,42,0,0,24.958971851645277,158,8
2023-09-01,42,72,43,0,0,21.200680480249,157,9
2023-09-02,40,73,39,0,0,31.239354847816035,152,9
2023-09-03,43,73,45,0,0,32.343043020022435,161,9
2023-09-04,50,76,44,1,0,28.46016332577354,170,9
2023-09-05,53,83,42,0,0,15.939288448153345,178,9
2023-09-06,36,71,34,0,0,26.326457603330642,141,9
2023-09-07,57,65,32,0,0,30.26589823994563,154,9
2023-09-08,43,72,48,0,0,17.730060241671644,163,9
2023-09-09,47,59,45,1,0,19.573415027692068,151,9
2023-09-10,52,66,40,0,0,32.64990210136273,158,9
2023-09-11,49,74,37,0,0,15.40243443706148,160,9
2023-09-12,31,75,35,0,0,30.05454275651952,141,9
2023-09-13,50,74,42,1,0,24.475465850288458,166,9
2023-09-14,40,65,41,0,0,23.935443176792138,146,9
2023-09-15,51,69,36,0,0,15.141930649897743,156,9
2023-09-16,45,84,58,0,0,31.387964619329857,187,9
2023-09-17,43,65,49,0,0,22.19649801273133,157,9
2023-09-18,52,67,41,0,0,25.815312626010858,160,9
2023-09-19,56,75,28,0,0,28.546013726713188,159,9
2023-09-20,38,67,42,0,1,29.052591528758317,147,9
2023-09-21,52,68,51,1,0,34.11960117652144,171,9
2023-09-22,49,82,32,0,0,25.626799064732182,163,9
2023-09-23,45,60,36,0,0,22.994391019488553,141,9
2023-09-24,53,74,46,0,0,34.074072529834154,173,9
2023-09-25,52,66,36,0,0,27.842204700510422,154,9
2023-09-26,39,68,35,0,0,20.963007125531114,142,9
2023-09-27,44,74,43,0,0,17.529284908071425,161,9
2023-09-28,43,67,42,0,0,31.851090029303627,152,9
2023-09-29,38,75,44,0,0,22.243632055883033,157,9
2023-09-30,40,70,43,0,0,28.209394427288622,153,9
2023-10-01,57,70,37,0,0,24.41632838731796,164,10
2023-10-02,42,67,30,0,0,18.978595595900767,139,10
2023-10-03,63,60,51,0,0,27.0337321724093,174,10
2023-10-04,51,77,30,0,0,16.213661379013647,158,10
2023-10-05,56,65,44,1,0,23.266849197423845,165,10
2023-10-06,46,65,31,1,0,25.93229879327342,142,10
2023-10-07,50,72,44,0,0,23.72093948237158,166,10
2023-10-08,40,92,35,0,0,29.973443505019816,167,10
2023-10-09,45,67,41,0,0,31.55849909090625,153,10
2023-10-10,42,71,55,1,0,30.42486148066356,168,10
2023-10-11,51,71,40,0,0,15.776258956236042,162,10
2023-10-12,46,77,41,0,0,18.882575408919443,164,10
2023-10-13,46,68,42,0,0,25.732150185275486,156,10
2023-10-14,45,64,35,1,0,33.69644080887603,144,10
2023-10-15,56,53,36,0,0,31.69913550104234,145,10
2023-10-16,49,71,39,0,0,31.850690167036035,159,10
2023-10-17,47,72,41,0,0,21.064163875193497,160,10
2023-10-18,40,69,37,0,0,23.58895794157405,146,10
2023-10-19,64,70,38,0,0,24.414118946318748,172,10
2023-10-20,51,73,43,0,0,18.14743166699821,167,10
2023-10-21,41,73,32,0,0,15.621362604889127,146,10
2023-10-22,43,67,32,0,0,33.938057989210336,142,10
2023-10-23,42,69,44,0,0,19.814251713270135,155,10
2023-10-24,53,83,40,0,0,19.798978074472625,176,10
2023-10-25,47,71,42,0,0,16.66758107537519,160,10
2023-10-26,48,59,39,0,1,33.57015503887557,146,10
2023-10-27,49,59,48,0,0,26.59474229879544,156,10
2023-10-28,49,64,31,0,0,28.340737142507077,144,10
2023-10-29,55,88,42,0,1,33.23153774526105,185,10
2023-10-30,44,70,29,0,0,21.91240337801579,143,10
2023-10-31,47,72,31,1,0,27.43014622276168,150,10
2023-11-01,61,64,41,0,0,15.77598909457775,166,11
2023-11-02,53,77,43,0,0,18.735450564622585,173,11
2023-11-03,41,70,44,0,0,31.62491610179885,155,11
2023-11-04,52,72,36,0,0,30.335367126766712,160,11
2023-11-05,60,79,49,1,0,22.012853829142937,188,11
2023-11-06,41,62,41,1,0,22.536212555484248,144,11
2023-11-07,44,80,37,0,0,25.671088671071587,161,11
2023-11-08,47,69,39,0,0,15.00482009370269,155,11
2023-11-09,40,73,44,0,0,19.824886720760556,157,11
2023-11-10,41,75,37,0,0,19.16463617216429,153,11
2023-11-11,57,75,44,0,0,20.00965893499527,176,11
2023-11-12,44,65,43,0,0,31.118116850668827,152,11
2023-11-13,55,78,45,0,0,20.593477130928864,178,11
2023-11-14,54,74,38,0,0,18.830426441002963,166,11
2023-11-15,44,65,35,1,0,25.08526921586063,144,11
2023-11-16,43,76,38,0,0,32.31290072745464,157,11
2023-11-17,52,76,37,1,0,19.826994076749997,165,11
2023-11-18,49,77,33,0,0,16.570724855855975,159,11
2023-11-19,42,74,37,0,0,22.128094716993296,153,11
2023-11-20,50,80,38,0,1,29.953036491299557,168,11
2023-11-21,63,56,43,0,0,26.013810893895894,162,11
2023-11-22,54,55,43,0,0,31.33586739148695,152,11
2023-11-23,52,68,32,0,0,34.19184295218468,152,11
2023-11-24,48,66,42,1,1,30.85324953503234,156,11
2023-11-25,49,70,38,0,0,27.07606157687507,157,11
2023-11-26,59,55,31,0,0,24.86683176104761,145,11
2023-11-27,52,78,33,1,0,15.801381726965333,163,11
2023-11-28,35,51,34,0,0,34.686439576280826,120,11
2023-11-29,57,68,41,0,0,22.66962245150085,166,11
2023-11-30,46,63,48,0,0,18.044564278337337,157,11
2023-12-01,51,68,37,1,0,28.334177107929136,156,12
2023-12-02,47,65,41,1,0,20.685765781909186,153,12
2023-12-03,55,63,41,1,0,26.715565418620955,159,12
2023-12-04,44,66,38,0,0,26.735358156891824,148,12
2023-12-05,41,59,32,1,0,23.914596418057386,132,12
2023-12-06,50,70,39,0,0,31.72237231090085,159,12
2023-12-07,62,72,45,0,0,20.299341231108862,179,12
2023-12-08,52,55,47,0,0,23.972651832354686,154,12
2023-12-09,41,63,40,0,0,25.75384257181943,144,12
2023-12-10,50,79,47,1,0,28.272494415345992,176,12
2023-12-11,37,71,36,1,0,30.67943701011179,144,12
2023-12-12,43,60,60,0,0,22.89614565756512,163,12
2023-12-13,51,64,44,0,0,27.92093888193192,159,12
2023-12-14,56,64,38,0,0,18.01221906137038,158,12
2023-12-15,50,73,41,1,0,33.65296201084957,164,12
2023-12-16,48,76,43,0,0,22.66117612842007,167,12
2023-12-17,42,50,36,0,0,29.590428439528768,128,12
2023-12-18,47,75,39,0,0,15.406821637643553,161,12
2023-12-19,53,79,38,0,0,19.10374285809614,170,12
2023-12-20,55,63,42,0,0,24.74165088647156,160,12
2023-12-21,44,65,38,1,0,32.56504935464693,147,12
2023-12-22,57,66,39,0,0,25.545102999013544,162,12
2023-12-23,53,80,42,0,0,33.597409645877576,175,12
2023-12-24,39,68,46,0,0,24.675937931655927,153,12
2023-12-25,58,67,47,0,0,24.808981934719,172,12
2023-12-26,54,56,46,1,0,17.394935770010637,156,12
2023-12-27,45,70,38,0,0,31.053124883044397,153,12
2023-12-28,43,73,41,0,1,19.939308249341252,157,12
2023-12-29,43,75,34,0,0,32.9922497874463,152,12
2023-12-30,48,89,41,0,0,33.21648440660792,178,12
2023-12-31,57,65,27,0,0,33.866202237482995,149,12
2024-01-01,45,77,45,0,0,25.4046097820618,167,1
2024-01-02,52,51,34,0,0,28.541875695672886,137,1
2024-01-03,53,90,29,0,0,30.57031760123327,172,1
2024-01-04,51,68,33,0,0,17.620292373009313,152,1
2024-01-05,56,62,34,0,0,27.019143899949945,152,1
2024-01-06,59,67,26,0,0,15.685958026066233,152,1
2024-01-07,60,77,40,0,0,24.95132166777452,177,1
2024-01-08,48,62,38,1,0,18.09685363240455,148,1
2024-01-09,45,69,32,1,0,18.658458519241695,146,1
2024-01-10,53,62,27,0,0,22.30095133385203,142,1
2024-01-11,41,73,41,0,0,23.64874333433006,155,1
2024-01-12,42,59,49,0,0,27.463448490643746,150,1
2024-01-13,40,76,56,0,0,16.488568368770313,172,1
2024-01-14,45,74,30,1,0,25.07383522474889,149,1
2024-01-15,53,75,33,0,0,18.652502605062022,161,1
2024-01-16,43,82,43,0,0,26.479503500634838,168,1
2024-01-17,59,67,53,1,0,27.74809224522367,179,1
2024-01-18,52,58,36,1,1,26.134185131057077,146,1
2024-01-19,48,64,33,0,0,29.76591020956615,145,1
2024-01-20,50,66,31,0,0,21.712184884818026,147,1
2024-01-21,42,59,35,0,0,30.302131832662617,136,1
2024-01-22,38,70,54,0,0,23.655341634163875,162,1
2024-01-23,44,71,38,1,0,24.683689966451936,153,1
2024-01-24,45,74,29,1,0,27.96204254522143,148,1
2024-01-25,55,77,43,0,0,15.36716767998448,175,1
2024-01-26,51,59,38,0,1,28.079884428404966,148,1
2024-01-27,53,77,38,1,0,27.371702981442308,168,1
2024-01-28,55,58,37,0,0,21.1969423350656,150,1
2024-01-29,52,77,42,0,0,16.71588569798979,171,1
2024-01-30,50,66,36,0,0,16.818708998260824,152,1
2024-01-31,46,80,35,0,0,33.46447493970457,161,1
2024-02-01,40,83,33,0,0,28.785586424516744,156,2
2024-02-02,55,77,43,0,0,17.542052275414807,175,2
2024-02-03,54,67,39,0,0,22.134463386178126,160,2
2024-02-04,44,54,28,0,0,26.84965987803193,126,2
2024-02-05,57,63,37,0,0,31.711434101812973,157,2
2024-02-06,45,76,48,0,0,15.873218574260171,169,2
2024-02-07,47,87,34,0,0,19.732662629400178,168,2
2024-02-08,62,92,33,1,0,32.7949798059076,187,2
2024-02-09,66,67,37,0,0,15.18331100367633,170,2
2024-02-10,43,62,38,0,0,19.02798205587775,143,2
2024-02-11,59,73,48,0,0,34.180483519459315,180,2
2024-02-12,57,72,44,1,0,27.268036930443422,173,2
2024-02-13,54,78,38,0,0,20.23342733275013,170,2
2024-02-14,44,67,38,0,0,16.33982188791695,149,2
2024-02-15,65,64,43,0,0,15.563826808944443,172,2
2024-02-16,42,84,32,0,0,19.894901592738545,158,2
2024-02-17,62,69,34,0,0,32.62971639177821,165,2
2024-02-18,54,75,43,0,1,23.31827308595019,172,2
2024-02-19,65,60,38,0,0,29.40666738331986,163,2
2024-02-20,46,73,42,0,0,33.36570070759916,161,2
2024-02-21,44,71,33,0,0,23.16080923205633,148,2
2024-02-22,37,70,41,0,0,18.82554742074794,148,2
2024-02-23,47,55,34,0,0,25.342358617138387,136,2
2024-02-24,36,78,46,0,0,33.16167374119709,160,2
2024-02-25,51,71,35,0,0,31.087488282754013,157,2
2024-02-26,46,50,41,0,0,16.316596867263076,137,2
2024-02-27,60,69,45,0,0,28.851456001551636,174,2
2024-02-28,44,80,40,1,0,26.437950449179077,164,2
2024-02-29,59,92,35,1,0,33.14926352692851,186,2
2024-03-01,59,72,42,0,0,17.449628337005944,173,3
2024-03-02,64,68,36,0,0,25.680722264093134,168,3
2024-03-03,56,55,40,0,0,32.58925387023785,151,3
2024-03-04,50,77,45,1,0,23.20047573483486,172,3
2024-03-05,56,69,33,0,1,24.63989835465734,158,3
2024-03-06,48,63,30,0,0,16.409213553339164,141,3
2024-03-07,44,74,41,0,0,20.562872808978216,159,3
2024-03-08,47,72,40,0,0,21.49013298337895,159,3
2024-03-09,46,70,34,1,0,33.90244897489774,150,3
2024-03-10,32,85,48,0,0,20.65334721082318,165,3
2024-03-11,48,73,49,0,0,24.21737470539304,170,3
2024-03-12,56,65,46,1,0,28.426088471285595,167,3
2024-03-13,48,76,41,0,0,18.24366744815755,165,3
2024-03-14,65,68,35,0,0,24.728847742837488,168,3
2024-03-15,52,69,35,0,0,29.770780789518152,156,3
2024-03-16,65,58,41,1,0,32.337104260541324,164,3
2024-03-17,52,67,39,0,0,27.525185493248536,158,3
2024-03-18,44,77,29,0,0,28.38107030633896,150,3
2024-03-19,44,67,33,0,0,17.52566945169138,144,3
2024-03-20,56,72,34,0,0,33.915529944926945,162,3
2024-03-21,48,78,38,0,0,17.65148154968965,164,3
2024-03-22,54,71,43,0,0,30.493458743635966,168,3
2024-03-23,57,74,52,0,0,20.296326435566378,183,3
2024-03-24,44,62,39,1,0,33.67186287402503,145,3
2024-03-25,52,57,43,0,0,29.399190787389593,152,3
2024-03-26,39,63,44,0,0,30.076274259567377,146,3
2024-03-27,45,47,49,0,0,19.381183461197665,141,3
2024-03-28,59,81,35,0,0,23.86079953270322,175,3
2024-03-29,53,89,35,1,0,27.35626389178573,177,3
2024-03-30,38,68,32,0,0,30.399472364132016,138,3
2024-03-31,47,70,40,0,1,17.079187518247792,157,3
2024-04-01,55,64,35,0,0,34.24730632909056,154,4
2024-04-02,38,82,45,0,0,32.80441341109112,165,4
2024-04-03,54,77,38,0,0,20.40697180991169,169,4
2024-04-04,58,70,52,0,0,31.45520486064664,180,4
2024-04-05,50,72,46,0,0,25.36647846079647,168,4
2024-04-06,58,66,38,0,0,24.236129631240374,162,4
2024-04-07,54,62,43,0,0,21.28868211622811,159,4
2024-04-08,45,70,41,0,0,26.619371732631848,156,4
2024-04-09,57,78,40,1,0,29.597782354071956,175,4
2024-04-10,58,66,39,0,0,23.218658099255165,163,4
2024-04-11,54,77,45,0,0,27.584383860165843,176,4
2024-04-12,54,60,38,0,0,28.986258423106076,152,4
2024-04-13,52,71,34,0,0,29.22243634030572,157,4
2024-04-14,42,68,50,0,0,16.039321962623603,160,4
2024-04-15,59,59,47,1,0,32.19495611370134,165,4
2024-04-16,58,70,55,0,0,24.16506629530096,183,4
2024-04-17,46,65,37,1,0,20.248321633924288,148,4
2024-04-18,42,63,40,0,0,19.835290149593632,145,4
2024-04-19,58,63,35,0,0,24.660282256879007,156,4
2024-04-20,53,76,36,1,0,32.736630789379184,165,4
2024-04-21,53,68,48,0,0,22.566951633652938,169,4
2024-04-22,56,66,32,1,0,29.994514935670864,154,4
2024-04-23,56,79,53,0,0,16.93637461974437,188,4
2024-04-24,69,67,37,1,0,24.521134043021235,173,4
2024-04-25,54,77,43,0,0,34.83372280785471,174,4
2024-04-26,46,72,31,0,1,30.408756055846737,149,4
2024-04-27,37,55,37,0,0,19.21056976881226,129,4
2024-04-28,47,75,45,0,0,25.028829473958215,167,4
2024-04-29,55,77,53,0,0,19.672495272971332,185,4
2024-04-30,56,89,48,0,0,23.191218545250187,193,4
2024-05-01,50,64,44,0,1,30.601680474699293,158,5
2024-05-02,54,65,43,0,0,30.424496305808074,162,5
2024-05-03,48,77,48,0,0,19.562007558047704,173,5
2024-05-04,42,70,39,0,0,33.444466363097206,151,5
2024-05-05,54,67,38,0,0,26.851363655296538,159,5
2024-05-06,38,79,47,0,0,22.598485819240288,164,5
2024-05-07,53,75,33,0,0,25.038711615617213,161,5
2024-05-08,66,84,40,0,0,27.101425068754875,190,5
2024-05-09,49,76,39,0,0,26.197810636915708,164,5
2024-05-10,48,64,47,1,0,24.728100710723563,159,5
2024-05-11,48,62,31,1,0,25.098656081788,141,5
2024-05-12,60,80,43,0,0,18.528238208557724,183,5
2024-05-13,43,76,37,0,0,31.25465808609359,156,5
2024-05-14,53,88,44,0,0,25.835206398820308,185,5
2024-05-15,59,67,38,0,0,17.62159723409406,164,5
2024-05-16,71,78,43,0,0,30.323142031655557,192,5
2024-05-17,59,67,35,0,0,33.64887956754701,161,5
2024-05-18,56,79,53,0,0,33.94613798473924,188,5
2024-05-19,41,68,45,0,0,22.380354648223456,154,5
2024-05-20,62,75,32,0,0,17.71033747121508,169,5
2024-05-21,57,71,37,1,0,25.367992532661304,165,5
2024-05-22,40,52,37,0,0,17.252184586984413,129,5
2024-05-23,54,61,39,1,1,33.67974837025234,154,5
2024-05-24,43,71,40,1,0,18.671592547102918,154,5
2024-05-25,36,59,35,0,0,20.055317199023282,130,5
2024-05-26,45,60,43,0,0,23.13273053769941,148,5
2024-05-27,46,65,38,0,0,22.663289371182515,149,5
2024-05-28,48,74,46,1,0,30.89325784795778,168,5
2024-05-29,52,63,47,1,0,24.126336411019246,162,5
2024-05-30,54,72,38,0,0,18.415365200066738,164,5
2024-05-31,56,83,35,0,0,20.34419790972148,174,5
2024-06-01,50,74,40,0,0,25.18226770375044,164,6
2024-06-02,41,71,39,0,0,17.949078348522697,151,6
2024-06-03,52,65,37,0,0,27.233113512920283,154,6
2024-06-04,51,73,34,1,0,26.314946131022918,158,6
2024-06-05,46,76,34,0,1,29.294046327645155,156,6
2024-06-06,38,54,50,0,0,33.75409230758736,142,6
2024-06-07,30,64,45,0,0,33.24509122202311,139,6
2024-06-08,48,75,31,0,0,33.92151236137663,154,6
2024-06-09,51,52,39,0,0,19.89431194047402,142,6
2024-06-10,57,88,40,0,0,17.631306132787092,185,6
2024-06-11,42,74,38,1,0,21.04553400992897,154,6
2024-06-12,53,62,44,1,0,32.90170345532629,159,6
2024-06-13,54,76,35,0,1,34.441069492469765,165,6
2024-06-14,55,64,33,1,0,32.18649902140952,152,6
2024-06-15,47,54,38,0,0,17.200354422550873,139,6
2024-06-16,38,58,37,0,0,33.94855996119586,133,6
2024-06-17,51,76,43,0,0,23.46716054701572,170,6
2024-06-18,49,68,45,0,0,15.186205815247074,162,6
2024-06-19,50,67,48,1,0,23.847874814963873,165,6
2024-06-20,38,62,44,0,0,15.921383393509352,144,6
2024-06-21,44,64,35,0,0,25.87755842322235,143,6
2024-06-22,59,72,37,0,0,21.771080548741025,168,6
2024-06-23,43,65,35,0,0,24.468698671880976,143,6
2024-06-24,53,72,28,0,0,27.26340721486234,153,6
2024-06-25,51,74,41,0,0,32.37602191635641,166,6
2024-06-26,43,63,38,0,0,28.238031529438572,144,6
2024-06-27,37,75,48,0,0,23.680977369563614,160,6
2024-06-28,45,65,40,1,0,31.388557073407302,150,6
2024-06-29,59,72,31,0,0,33.11164275146264,162,6
2024-06-30,55,88,27,0,0,17.395199328643944,170,6
2024-07-01,47,62,36,0,0,25.63865955105583,145,7
2024-07-02,59,75,33,0,0,20.690239194848882,167,7
2024-07-03,49,68,31,0,0,15.941223957538948,148,7
2024-07-04,50,72,31,0,0,28.370933902279706,153,7
2024-07-05,61,69,50,1,0,32.25541554918451,180,7
2024-07-06,45,67,47,0,0,18.258053089547882,159,7
2024-07-07,62,61,35,1,1,31.24827315247801,158,7
2024-07-08,53,57,33,1,0,32.06791467073883,143,7
2024-07-09,55,84,50,0,0,33.286808853329674,189,7
2024-07-10,42,64,49,0,0,20.305701781721048,155,7
2024-07-11,72,76,36,0,0,33.079061303797786,184,7
2024-07-12,59,72,38,1,0,21.413255094728644,169,7
2024-07-13,44,73,41,1,0,26.046760269110056,158,7
2024-07-14,49,75,44,0,1,16.010149416645643,168,7
2024-07-15,47,62,36,0,0,15.877621767374873,145,7
2024-07-16,42,76,46,0,0,29.407464254644058,164,7
2024-07-17,71,63,43,1,0,23.88959955955582,177,7
2024-07-18,53,64,41,1,0,20.12584750738435,158,7
2024-07-19,56,53,38,0,0,18.808269920498205,147,7
2024-07-20,44,76,24,0,0,28.399069817184362,144,7
2024-07-21,42,74,37,0,0,15.008030880506798,153,7
2024-07-22,46,78,33,0,0,31.117823383937086,157,7
2024-07-23,48,86,54,1,0,16.584992122598578,188,7
2024-07-24,52,62,45,0,0,18.82979229816239,159,7
2024-07-25,42,76,45,0,0,22.724727905981794,163,7
2024-07-26,53,70,42,0,0,24.697174794322073,165,7
2024-07-27,58,67,42,1,0,22.099902316278836,167,7
2024-07-28,52,72,28,0,0,21.41424329968588,152,7
2024-07-29,43,64,36,0,0,34.27832024146377,143,7
2024-07-30,45,82,37,0,0,27.831593624867885,164,7
2024-07-31,51,78,42,1,1,15.468659107347765,171,7
2024-08-01,32,73,38,1,0,23.603518168886264,143,8
2024-08-02,49,75,34,0,0,32.500173994879404,158,8
2024-08-03,46,69,36,0,0,21.02912372821336,151,8
2024-08-04,32,86,42,0,0,16.891126895487766,160,8
2024-08-05,53,79,37,0,0,30.167695431798357,169,8
2024-08-06,49,69,34,0,0,27.120276638721627,152,8
2024-08-07,50,65,46,1,0,26.406250156530078,161,8
2024-08-08,41,52,31,0,0,16.071531192148157,124,8
2024-08-09,46,85,37,1,0,17.809980195910345,168,8
2024-08-10,43,77,36,0,0,27.450987924262275,156,8
2024-08-11,72,74,42,0,0,19.156476829176718,188,8
2024-08-12,54,60,38,0,0,25.081401594968487,152,8
2024-08-13,59,54,32,0,0,25.89763372058787,145,8
2024-08-14,54,74,30,0,0,20.67014380541879,158,8
2024-08-15,65,79,31,0,0,33.96850311082986,175,8
2024-08-16,50,58,51,0,0,31.8492821367115,159,8
2024-08-17,59,65,58,0,1,29.44747015265597,182,8
2024-08-18,54,70,45,0,0,16.559877328188183,169,8
2024-08-19,44,66,49,1,0,17.122600386180387,159,8
2024-08-20,48,79,41,0,0,24.855626917299112,168,8
2024-08-21,40,65,37,1,0,18.214266983819712,142,8
2024-08-22,59,89,45,0,0,34.56530927058948,193,8
2024-08-23,51,66,54,0,0,18.170404680548188,171,8
2024-08-24,60,57,42,0,0,24.749356709279482,159,8
2024-08-25,46,71,26,1,0,22.28242113683011,143,8
2024-08-26,57,62,39,0,0,27.78772842908196,158,8
2024-08-27,57,74,39,0,0,17.580728177788497,170,8
2024-08-28,57,80,56,0,0,23.606328560847817,193,8
2024-08-29,51,68,40,0,0,20.494100656142873,159,8
2024-08-30,46,60,50,0,0,32.755030493433765,156,8
2024-08-31,48,61,45,0,0,15.811714242693903,154,8
2024-09-01,48,63,37,0,0,33.274549880129186,148,9
2024-09-02,44,61,47,1,0,31.65988277106001,152,9
2024-09-03,44,76,42,0,0,20.95141432881631,162,9
2024-09-04,52,70,38,0,0,30.785813093542096,160,9
2024-09-05,52,56,38,0,0,15.624271206774951,146,9
2024-09-06,47,61,39,0,0,34.337311005867875,147,9
2024-09-07,50,63,37,0,0,25.531898851795788,150,9
2024-09-08,47,58,33,0,0,21.065620521308905,138,9
2024-09-09,52,70,41,1,0,22.25166425189354,163,9
2024-09-10,52,63,36,1,0,16.32810706920995,151,9
2024-09-11,57,67,40,1,0,34.78699028084078,164,9
2024-09-12,67,73,55,0,0,15.785838903013849,195,9
2024-09-13,43,68,39,0,0,28.09814246295718,150,9
2024-09-14,53,71,40,0,0,23.854718554129164,164,9
2024-09-15,47,75,35,0,0,33.978324363774306,157,9
2024-09-16,50,70,31,0,0,19.919994806135904,151,9
2024-09-17,45,81,43,0,0,25.641736478760226,169,9
2024-09-18,57,71,41,0,0,24.647124171655058,169,9
2024-09-19,46,73,44,0,0,29.05732888100203,163,9
2024-09-20,55,66,44,0,0,16.360204639048412,165,9
2024-09-21,48,75,37,0,0,18.875782600467097,160,9
2024-09-22,42,67,31,0,0,19.291296401856997,140,9
2024-09-23,43,62,47,0,0,29.763015096833794,152,9
2024-09-24,54,68,38,0,0,18.7827739265348,160,9
2024-09-25,51,78,48,0,0,26.469835277819534,177,9
2024-09-26,69,69,48,1,0,19.304876410019073,186,9
2024-09-27,57,73,33,0,0,32.23249900167957,163,9
2024-09-28,66,64,33,0,0,33.84370908979277,163,9
2024-09-29,44,76,41,0,0,25.36985949884481,161,9
2024-09-30,52,79,34,0,0,22.046177684183565,165,9
2024-10-01,47,80,24,1,0,19.68115550034998,151,10
2024-10-02,56,66,41,0,0,15.995620030460875,163,10
2024-10-03,57,69,43,0,0,20.37000152394991,169,10
2024-10-04,53,69,52,1,0,28.084715598906357,174,10
2024-10-05,53,67,35,0,0,25.672338626184217,155,10
2024-10-06,52,83,44,0,0,33.88082556561855,179,10
2024-10-07,55,67,36,0,0,22.925545249834013,158,10
2024-10-08,44,95,41,0,0,28.877266846567892,180,10
2024-10-09,52,74,33,0,0,24.786454949502428,159,10
2024-10-10,44,67,45,0,0,25.251524318484233,156,10
2024-10-11,52,71,34,1,0,20.35548629208235,157,10
2024-10-12,54,62,42,0,0,24.099015536839993,158,10
2024-10-13,48,67,40,0,0,24.415699940254143,155,10
2024-10-14,41,67,37,0,0,29.13285043497868,145,10
2024-10-15,55,76,34,1,0,33.81279998372228,165,10
2024-10-16,45,75,33,1,0,21.586425549650087,153,10
2024-10-17,43,62,39,0,0,15.844009371625969,144,10
2024-10-18,44,70,39,0,0,24.925902510012794,153,10
2024-10-19,37,78,41,0,0,25.889226642983374,156,10
2024-10-20,37,71,40,0,0,18.368811022638305,148,10
2024-10-21,44,77,45,0,0,30.209292125521333,166,10
2024-10-22,60,77,39,0,0,34.69858216882983,176,10
2024-10-23,51,78,51,0,0,33.91549434016922,180,10
2024-10-24,46,59,41,1,0,18.942120776473043,146,10
2024-10-25,51,73,40,0,0,32.507264798015214,164,10
2024-10-26,49,61,42,1,0,29.089872728233694,152,10
2024-10-27,51,82,40,0,0,24.076931276138232,173,10
2024-10-28,42,83,29,0,0,25.81221988649458,154,10
2024-10-29,43,72,47,0,0,31.99200349964916,162,10
2024-10-30,39,82,34,0,0,24.602698792767463,155,10
2024-10-31,56,73,45,0,0,22.46414738210254,174,10
2024-11-01,53,69,41,0,0,24.864949860519715,163,11
2024-11-02,63,64,23,0,0,26.58259608070098,150,11
2024-11-03,48,65,47,0,0,18.781553075566976,160,11
2024-11-04,51,62,25,0,0,33.01815460533982,138,11
2024-11-05,50,83,47,0,0,28.483738976592278,180,11
2024-11-06,38,61,38,0,0,27.665378346749776,137,11
2024-11-07,41,75,39,0,0,16.989924523612764,155,11
2024-11-08,56,79,41,1,0,27.083478763451836,176,11
2024-11-09,45,78,36,0,0,17.419213244769846,159,11
2024-11-10,51,75,37,0,0,16.57395350390798,163,11
2024-11-11,48,87,42,0,0,25.546217912847865,177,11
2024-11-12,52,66,36,0,0,23.0557106809299,154,11
2024-11-13,62,62,39,1,0,26.776205403124465,163,11
2024-11-14,40,62,45,0,0,16.78444336114477,147,11
2024-11-15,47,64,27,0,0,23.619661256945168,138,11
2024-11-16,59,79,50,0,0,18.49573430090316,188,11
2024-11-17,57,77,41,0,0,34.74200171848233,175,11
2024-11-18,38,56,37,1,0,26.22300424870349,131,11
2024-11-19,42,67,41,0,0,28.748737218817347,150,11
2024-11-20,47,63,30,0,0,21.508365613652156,140,11
2024-11-21,53,65,57,0,0,16.89477829558688,175,11
2024-11-22,41,82,42,0,0,34.517417255670736,165,11
2024-11-23,62,63,41,0,0,20.725180707663664,166,11
2024-11-24,52,54,41,0,0,23.476163703471485,147,11
2024-11-25,42,76,38,0,0,27.997278434051502,156,11
2024-11-26,48,63,42,1,0,15.493945953722225,153,11
2024-11-27,47,68,36,0,0,31.205182610345737,151,11
2024-11-28,46,77,50,0,0,25.731563800572406,173,11
2024-11-29,49,65,43,0,0,20.564343741376444,157,11
2024-11-30,53,63,33,1,0,16.232159705849384,149,11
2024-12-01,52,77,39,0,0,18.24996830948883,168,12
2024-12-02,42,77,42,0,0,32.90067717706874,161,12
2024-12-03,56,79,37,0,0,28.72048447871782,172,12
2024-12-04,41,71,34,0,0,19.998034432737796,146,12
2024-12-05,46,81,34,0,0,16.31201529890059,161,12
2024-12-06,54,77,39,0,0,28.812306247732728,170,12
2024-12-07,57,75,39,0,0,26.448154519355302,171,12
2024-12-08,46,63,49,0,0,23.0903904891647,158,12
2024-12-09,50,85,41,0,0,22.272228983801277,176,12
2024-12-10,41,66,38,1,0,19.336285518582166,145,12
2024-12-11,49,78,43,1,0,28.392225130750354,170,12
2024-12-12,47,72,52,0,0,34.41336055587741,171,12
2024-12-13,58,69,37,0,0,18.514304916736517,164,12
2024-12-14,56,74,34,0,0,26.942332400310068,164,12
2024-12-15,48,87,45,0,0,23.483701114919526,180,12
2024-12-16,56,70,38,1,0,23.933774434893298,164,12
2024-12-17,51,75,43,0,0,20.082945602556286,169,12
2024-12-18,68,64,46,0,0,31.50269751322838,178,12
2024-12-19,40,73,48,0,0,24.705112082944822,161,12
2024-12-20,49,61,54,0,0,25.86811704396528,164,12
2024-12-21,39,69,37,0,0,21.095218255946513,145,12
2024-12-22,41,79,38,0,0,18.636169313338996,158,12
2024-12-23,55,73,39,0,0,16.71820776405641,167,12
2024-12-24,47,79,34,0,0,29.28238281849832,160,12
2024-12-25,49,70,36,0,0,18.92468563375711,155,12
2024-12-26,56,60,33,1,0,28.801507083775952,149,12
2024-12-27,54,72,38,0,0,22.807528920939077,164,12
2024-12-28,45,66,41,1,0,23.31549601979303,152,12
2024-12-29,49,56,32,0,0,24.383549921855433,137,12
2024-12-30,53,81,43,0,0,22.354170162550865,177,12
2024-12-31,53,74,44,0,0,17.012399544451803,171,12
